{
"hi":"*ʜɪɪ Hwu",
"bot":"*Yeah JAILBREAK-MD*🤖wassup",
"bot name":"*Yeah JAILBREAK-MD*🤖wassup",
"ok":"*HMMM* 🤖",
"Okey":"*AHMM🤖*",
"Ryan":"*yea his offline🤖*",
"ryan":"*Yea his offline🤖*",
"Bot":"*Yeah JAILBREAK-MD*🤖wassup",
"Ok":"*HMMM🤖*",
"Okay":"*AHMM🤖*",
"Hi":"*ʜɪɪ Hwu🤖*",
"Hey":"*ey hwu🤖*",
"hey":"*ey hwu🤖*",
"wadii":"*hapana apa wangu kuita sei🤖*",
"Wadii":"*hapana apa wangu kuita sei🤖*",
"wadi":"*hapana apa wangu kuita sei🤖*",
"Wadi":"*hapana apa wangu kuita sei🤖*",
"hoyo":"*yesaya madii🤖*",
"Hoyo":"*yesaya madii🤖*",
"madii":"*hapana apa wangu kuita sei🤖*",
"Madii":"*hapana apa wangu kuita sei🤖*",
"nyt":"*nyt sleep tyt🤖*",
"Nyt":"*nyt sleep tyt🤖*",
"Morning":"*Morning hwu🤖*",
"morning":"*Morning hwu🤖*",
"Goodnight":"*Goodnight,🤖*",
"goodnight":"*Goodnight🤖*",
"bho":"*safe🤖*",
"Bho":"*safe🤖*",
"bho here":"*yea bho wangu ,kuita sei🤖*",
"Bho here":"*yea bho wangu ,kuita sei🤖*",
"Ello":"*hello hwu🤖*",
"ello":"*hello hwu🤖*",
"hello":"*hello hwu🤖*",
"Hello":"*hello hwu🤖*"
}